timestamp,username,count_rt,text,is_retweeted,user_retweeted
2020-04-01 23:58:22,usuckreynolds1,286,"RT @RoulioRoulio: Audition d'Edouard Philippe et d'Olivier V√©ran par les d√©put√©s sur la gestion de la crise.

Mais y'a toujours un mec pour‚Ä¶",True,RoulioRoulio
2020-04-01 23:57:24,SecondiLaura,286,"RT @RoulioRoulio: Audition d'Edouard Philippe et d'Olivier V√©ran par les d√©put√©s sur la gestion de la crise.

Mais y'a toujours un mec pour‚Ä¶",True,RoulioRoulio
2020-04-01 23:57:04,SylvieP13,16,RT @20Minutes: üî¥ [EN DIRECT] Le gouvernement devrait pr√©senter des solutions de #d√©confinement dans les prochains jours @EPhilippePM #coron‚Ä¶,True,20Minutes
2020-04-01 23:56:47,Mehdurabi,286,"RT @RoulioRoulio: Audition d'Edouard Philippe et d'Olivier V√©ran par les d√©put√©s sur la gestion de la crise.

Mais y'a toujours un mec pour‚Ä¶",True,RoulioRoulio
2020-04-01 23:55:48,NebbiuCo,1020,"RT @R_DeCastelnau: Et voil√† que maintenant il menace ! Il faut lire la conclusion de cet article. Clivant les Fran√ßais comme jamais, incapa‚Ä¶",True,R_DeCastelnau
2020-04-01 23:55:09,assiaflame,286,"RT @RoulioRoulio: Audition d'Edouard Philippe et d'Olivier V√©ran par les d√©put√©s sur la gestion de la crise.

Mais y'a toujours un mec pour‚Ä¶",True,RoulioRoulio
2020-04-01 23:54:28,Tida56516784,286,"RT @RoulioRoulio: Audition d'Edouard Philippe et d'Olivier V√©ran par les d√©put√©s sur la gestion de la crise.

Mais y'a toujours un mec pour‚Ä¶",True,RoulioRoulio
2020-04-01 23:54:28,2019Automne,1020,"RT @R_DeCastelnau: Et voil√† que maintenant il menace ! Il faut lire la conclusion de cet article. Clivant les Fran√ßais comme jamais, incapa‚Ä¶",True,R_DeCastelnau
2020-04-01 23:54:03,2019Automne,145,"RT @R_DeCastelnau: Et vous n‚Äôavez pas honte ? Ce texte n‚Äôest qu‚Äôune longue ineptie juridique. Soit vous √™tes ignorant de cette mati√®re, soi‚Ä¶",True,R_DeCastelnau
2020-04-01 23:53:46,pourquoiTeo,996,"RT @AllanBARTE: √Ä la demande de Macron, la Caisse des d√©p√¥ts travaille √† acc√©l√©rer marchandisation et privatisation de l'H√¥pital Public.

üêü‚Ä¶",True,AllanBARTE
2020-04-01 23:53:27,francescazimut,1020,"RT @R_DeCastelnau: Et voil√† que maintenant il menace ! Il faut lire la conclusion de cet article. Clivant les Fran√ßais comme jamais, incapa‚Ä¶",True,R_DeCastelnau
2020-04-01 23:53:20,LiliaCherifi,67,"RT @LaTourEiffel: üá´üá∑ #ConfinementJour16 : pour vous aider √† r√©viser vos classiques du #cin√©ma, voici une liste de films dans lesquels je fi‚Ä¶",True,LaTourEiffel
2020-04-01 23:52:54,KenzaSamy,0,Tr√®s beau programme ce soir sur la place de la femme  dans le milieu arabo musulman. Merci @ARTEfr‚Ä¶ https://t.co/HJt6tKsEj4,False,https
2020-04-01 23:48:29,LorEdward,14,RT @Cdesarts: #Poisson d'avril : 7 ≈ìuvres qui jouent avec l‚Äôart üé® https://t.co/8Pi4wwAupk #poissondavril #CdesartsChezVous #Culturecheznous‚Ä¶,True,Cdesarts
2020-04-01 23:47:43,Lorenzo__VM,996,"RT @AllanBARTE: √Ä la demande de Macron, la Caisse des d√©p√¥ts travaille √† acc√©l√©rer marchandisation et privatisation de l'H√¥pital Public.

üêü‚Ä¶",True,AllanBARTE
2020-04-01 23:46:59,LaurentP21000,962,RT @R_DeCastelnau: Quelqu‚Äôun pour dire √† l‚Äôimposteur  qu‚Äôen temps de ¬´¬†guerre¬†¬ª on rel√®ve les g√©n√©raux incomp√©tents et on en fusille aussi.‚Ä¶,True,R_DeCastelnau
2020-04-01 23:45:13,lili_spirit,286,"RT @RoulioRoulio: Audition d'Edouard Philippe et d'Olivier V√©ran par les d√©put√©s sur la gestion de la crise.

Mais y'a toujours un mec pour‚Ä¶",True,RoulioRoulio
2020-04-01 23:43:15,BonniHuni,6,"RT @AlterEco_: Kandia, lyc√©enne √† Trappes: ""Ce confinement me rend folle"" #ConfinementJour16 
https://t.co/Odt6Rdhsgu https://t.co/0rgwJaop‚Ä¶",True,AlterEco_
2020-04-01 23:41:47,DCarrionF,15,"RT @Challenges: üìΩ VID√âO. #Coronavirus : A bord du Airbus A330 Ph√©nix, l'avion de l'arm√©e qui transf√®re les malades @NolwennM üõ© #confinement‚Ä¶",True,Challenges
2020-04-01 23:41:37,enoraviali,5,RT @RichardSabak: Entre voisins on se dit tout. #ConfinementJour16 https://t.co/DIvm3bJIls,True,RichardSabak
2020-04-01 23:41:20,CMARTYLUSO1,1020,"RT @R_DeCastelnau: Et voil√† que maintenant il menace ! Il faut lire la conclusion de cet article. Clivant les Fran√ßais comme jamais, incapa‚Ä¶",True,R_DeCastelnau
2020-04-01 23:39:33,beee034,12,RT @Thibault219: Vous pouvez √©teindre la t√©l√©vision et reprendre une activit√© normale √† tchao bonsoir #Deconfinement  #ConfinementJour16 ht‚Ä¶,True,Thibault219
2020-04-01 23:37:54,63_vincent,1020,"RT @R_DeCastelnau: Et voil√† que maintenant il menace ! Il faut lire la conclusion de cet article. Clivant les Fran√ßais comme jamais, incapa‚Ä¶",True,R_DeCastelnau
2020-04-01 23:37:32,themostkillingx,286,"RT @RoulioRoulio: Audition d'Edouard Philippe et d'Olivier V√©ran par les d√©put√©s sur la gestion de la crise.

Mais y'a toujours un mec pour‚Ä¶",True,RoulioRoulio
2020-04-01 23:37:02,Virshan666,286,"RT @RoulioRoulio: Audition d'Edouard Philippe et d'Olivier V√©ran par les d√©put√©s sur la gestion de la crise.

Mais y'a toujours un mec pour‚Ä¶",True,RoulioRoulio
2020-04-01 23:36:32,BossyHerve,1020,"RT @R_DeCastelnau: Et voil√† que maintenant il menace ! Il faut lire la conclusion de cet article. Clivant les Fran√ßais comme jamais, incapa‚Ä¶",True,R_DeCastelnau
2020-04-01 23:36:09,kingkus24883780,0,"livraison √† domicile dans toute la France¬† commandez via /
üì≤whatsapp üëâ+33644678569
üì≤wickr me/ ici7paris‚Ä¶ https://t.co/gAyjUHa8gV",False,False
2020-04-01 23:35:56,joow95,1,Bon demain on va pass√© le meilleur confinement c‚Äôest la sortie de #CasaDePapel #ConfinementJour16,False,False
2020-04-01 23:35:55,Enz00beats,286,"RT @RoulioRoulio: Audition d'Edouard Philippe et d'Olivier V√©ran par les d√©put√©s sur la gestion de la crise.

Mais y'a toujours un mec pour‚Ä¶",True,RoulioRoulio
2020-04-01 23:35:54,SamStress_,0,#ConfinementJour16 je viens de me r√©veiller. Je perds peu √† peu toute notion du temps. Demain je dois me lever t√¥t‚Ä¶ https://t.co/IsqXR3gIQP,False,False
2020-04-01 23:35:21,tony_wizi,962,RT @R_DeCastelnau: Quelqu‚Äôun pour dire √† l‚Äôimposteur  qu‚Äôen temps de ¬´¬†guerre¬†¬ª on rel√®ve les g√©n√©raux incomp√©tents et on en fusille aussi.‚Ä¶,True,R_DeCastelnau
2020-04-01 23:35:04,AryZoNoYT,286,"RT @RoulioRoulio: Audition d'Edouard Philippe et d'Olivier V√©ran par les d√©put√©s sur la gestion de la crise.

Mais y'a toujours un mec pour‚Ä¶",True,RoulioRoulio
2020-04-01 23:34:47,Membrax75,996,"RT @AllanBARTE: √Ä la demande de Macron, la Caisse des d√©p√¥ts travaille √† acc√©l√©rer marchandisation et privatisation de l'H√¥pital Public.

üêü‚Ä¶",True,AllanBARTE
2020-04-01 23:34:18,ab_kent1,286,"RT @RoulioRoulio: Audition d'Edouard Philippe et d'Olivier V√©ran par les d√©put√©s sur la gestion de la crise.

Mais y'a toujours un mec pour‚Ä¶",True,RoulioRoulio
2020-04-01 23:33:04,Lila_Ze_Peste,996,"RT @AllanBARTE: √Ä la demande de Macron, la Caisse des d√©p√¥ts travaille √† acc√©l√©rer marchandisation et privatisation de l'H√¥pital Public.

üêü‚Ä¶",True,AllanBARTE
2020-04-01 23:31:25,cardot_elea,286,"RT @RoulioRoulio: Audition d'Edouard Philippe et d'Olivier V√©ran par les d√©put√©s sur la gestion de la crise.

Mais y'a toujours un mec pour‚Ä¶",True,RoulioRoulio
2020-04-01 23:30:02,dtlaurie,56,"RT @NawakNawak: #ConfinementJour16 : √ßa finira qu'on pourra plus jamais mettre un jean...
#COVID„Éº19 https://t.co/wKzYRLMqge",True,NawakNawak
2020-04-01 23:26:41,denis_perreault,1020,"RT @R_DeCastelnau: Et voil√† que maintenant il menace ! Il faut lire la conclusion de cet article. Clivant les Fran√ßais comme jamais, incapa‚Ä¶",True,R_DeCastelnau
2020-04-01 23:24:47,rudoxx93240,286,"RT @RoulioRoulio: Audition d'Edouard Philippe et d'Olivier V√©ran par les d√©put√©s sur la gestion de la crise.

Mais y'a toujours un mec pour‚Ä¶",True,RoulioRoulio
2020-04-01 23:24:44,Aelienor,68,"RT @armeedeterre: [#Arm√©esSouvenirs] Vous connaissez les diff√©rentes ""Armes"" de l'@armeedeterre ? 

En ce #ConfinementJour16, d√Ætes nous si‚Ä¶",True,armeedeterre
2020-04-01 23:23:14,CotowGakwavu,286,"RT @RoulioRoulio: Audition d'Edouard Philippe et d'Olivier V√©ran par les d√©put√©s sur la gestion de la crise.

Mais y'a toujours un mec pour‚Ä¶",True,RoulioRoulio
2020-04-01 23:21:52,_Djena,286,"RT @RoulioRoulio: Audition d'Edouard Philippe et d'Olivier V√©ran par les d√©put√©s sur la gestion de la crise.

Mais y'a toujours un mec pour‚Ä¶",True,RoulioRoulio
2020-04-01 23:19:39,SoizicMC,286,"RT @RoulioRoulio: Audition d'Edouard Philippe et d'Olivier V√©ran par les d√©put√©s sur la gestion de la crise.

Mais y'a toujours un mec pour‚Ä¶",True,RoulioRoulio
2020-04-01 23:19:22,LandryRiche,996,"RT @AllanBARTE: √Ä la demande de Macron, la Caisse des d√©p√¥ts travaille √† acc√©l√©rer marchandisation et privatisation de l'H√¥pital Public.

üêü‚Ä¶",True,AllanBARTE
2020-04-01 23:18:44,Mathoudoux,996,"RT @AllanBARTE: √Ä la demande de Macron, la Caisse des d√©p√¥ts travaille √† acc√©l√©rer marchandisation et privatisation de l'H√¥pital Public.

üêü‚Ä¶",True,AllanBARTE
2020-04-01 23:18:08,charlinerochais,286,"RT @RoulioRoulio: Audition d'Edouard Philippe et d'Olivier V√©ran par les d√©put√©s sur la gestion de la crise.

Mais y'a toujours un mec pour‚Ä¶",True,RoulioRoulio
2020-04-01 23:17:33,_cagg_,9,RT @ChantalTV: Coffee in Paris with @AdamYaffe LOCKDOWN Day 16 #travel #confinementjour16 https://t.co/ktC9bGW3ov,True,ChantalTV
2020-04-01 23:16:15,BARNABI2,1020,"RT @R_DeCastelnau: Et voil√† que maintenant il menace ! Il faut lire la conclusion de cet article. Clivant les Fran√ßais comme jamais, incapa‚Ä¶",True,R_DeCastelnau
2020-04-01 23:15:29,AoiKeiichi,996,"RT @AllanBARTE: √Ä la demande de Macron, la Caisse des d√©p√¥ts travaille √† acc√©l√©rer marchandisation et privatisation de l'H√¥pital Public.

üêü‚Ä¶",True,AllanBARTE
2020-04-01 23:15:27,imangeless_,0,j'ai touss√© 3 fois dans ma chambre ca y est ma mere a cru j'ai le corona et mon pere pense que a cause du ice tea f‚Ä¶ https://t.co/gVEo4cr8z0,False,False
2020-04-01 23:13:29,Imonfreetrial,311,RT @Hugo_Capelli: Ce que vous voyez √† la t√©l√© sur @franceinfo VS ce que vous ne voyez pas üòÇ #confinement #ConfinementJour16 https://t.co/XF‚Ä¶,True,Hugo_Capelli
2020-04-01 23:12:10,MathiasMMO,996,"RT @AllanBARTE: √Ä la demande de Macron, la Caisse des d√©p√¥ts travaille √† acc√©l√©rer marchandisation et privatisation de l'H√¥pital Public.

üêü‚Ä¶",True,AllanBARTE
2020-04-01 23:12:09,RichardSabak,5,Entre voisins on se dit tout. #ConfinementJour16 https://t.co/DIvm3bJIls,False,False
2020-04-01 23:11:03,diademe_,12,"RT @imarabe: [#LImaALaMaison]
Apr√®s la construction d'un octogone √† la mani√®re du grand savant Abul l-Wafa, @CBreteuil nous invite cette se‚Ä¶",True,imarabe
2020-04-01 23:10:11,mattkrycek,1020,"RT @R_DeCastelnau: Et voil√† que maintenant il menace ! Il faut lire la conclusion de cet article. Clivant les Fran√ßais comme jamais, incapa‚Ä¶",True,R_DeCastelnau
2020-04-01 23:09:33,AdeleSann,1020,"RT @R_DeCastelnau: Et voil√† que maintenant il menace ! Il faut lire la conclusion de cet article. Clivant les Fran√ßais comme jamais, incapa‚Ä¶",True,R_DeCastelnau
2020-04-01 23:09:09,maxhrau,127,"RT @dezed67: Professeur qui ""ne travaille pas"" selon Sibeth Ndiaye, je ramasse des fraises avec quelques coll√®gues du lyc√©e. La cueillette‚Ä¶",True,dezed67
2020-04-01 23:08:50,BRUBECKER2,286,"RT @RoulioRoulio: Audition d'Edouard Philippe et d'Olivier V√©ran par les d√©put√©s sur la gestion de la crise.

Mais y'a toujours un mec pour‚Ä¶",True,RoulioRoulio
2020-04-01 23:08:31,beoelss,996,"RT @AllanBARTE: √Ä la demande de Macron, la Caisse des d√©p√¥ts travaille √† acc√©l√©rer marchandisation et privatisation de l'H√¥pital Public.

üêü‚Ä¶",True,AllanBARTE
2020-04-01 23:06:27,aldrin_uzumaki,286,"RT @RoulioRoulio: Audition d'Edouard Philippe et d'Olivier V√©ran par les d√©put√©s sur la gestion de la crise.

Mais y'a toujours un mec pour‚Ä¶",True,RoulioRoulio
2020-04-01 23:06:14,SamuelBdmr,311,RT @Hugo_Capelli: Ce que vous voyez √† la t√©l√© sur @franceinfo VS ce que vous ne voyez pas üòÇ #confinement #ConfinementJour16 https://t.co/XF‚Ä¶,True,Hugo_Capelli
2020-04-01 23:06:14,johannaselM,286,"RT @RoulioRoulio: Audition d'Edouard Philippe et d'Olivier V√©ran par les d√©put√©s sur la gestion de la crise.

Mais y'a toujours un mec pour‚Ä¶",True,RoulioRoulio
2020-04-01 23:06:13,ZOREIL1945,1020,"RT @R_DeCastelnau: Et voil√† que maintenant il menace ! Il faut lire la conclusion de cet article. Clivant les Fran√ßais comme jamais, incapa‚Ä¶",True,R_DeCastelnau
2020-04-01 23:06:07,29Pat,286,"RT @RoulioRoulio: Audition d'Edouard Philippe et d'Olivier V√©ran par les d√©put√©s sur la gestion de la crise.

Mais y'a toujours un mec pour‚Ä¶",True,RoulioRoulio
2020-04-01 23:05:11,kralei,1020,"RT @R_DeCastelnau: Et voil√† que maintenant il menace ! Il faut lire la conclusion de cet article. Clivant les Fran√ßais comme jamais, incapa‚Ä¶",True,R_DeCastelnau
2020-04-01 23:03:34,martinebusconi,1020,"RT @R_DeCastelnau: Et voil√† que maintenant il menace ! Il faut lire la conclusion de cet article. Clivant les Fran√ßais comme jamais, incapa‚Ä¶",True,R_DeCastelnau
2020-04-01 23:02:43,vincent0148,23,RT @cauetofficiel: On vous pr√©sente Lamine le po√®te ! Il va tenter de vous redonner le sourire pendant cette p√©riode de #confinement ‚ù§‚ù§‚ù§#CC‚Ä¶,True,cauetofficiel
2020-04-01 23:02:35,jaadeeeeee_,286,"RT @RoulioRoulio: Audition d'Edouard Philippe et d'Olivier V√©ran par les d√©put√©s sur la gestion de la crise.

Mais y'a toujours un mec pour‚Ä¶",True,RoulioRoulio
2020-04-01 23:00:30,Fab976,1020,"RT @R_DeCastelnau: Et voil√† que maintenant il menace ! Il faut lire la conclusion de cet article. Clivant les Fran√ßais comme jamais, incapa‚Ä¶",True,R_DeCastelnau
2020-04-01 23:00:06,LD73000,286,"RT @RoulioRoulio: Audition d'Edouard Philippe et d'Olivier V√©ran par les d√©put√©s sur la gestion de la crise.

Mais y'a toujours un mec pour‚Ä¶",True,RoulioRoulio
2020-04-01 22:59:43,jeveupadepseudo,996,"RT @AllanBARTE: √Ä la demande de Macron, la Caisse des d√©p√¥ts travaille √† acc√©l√©rer marchandisation et privatisation de l'H√¥pital Public.

üêü‚Ä¶",True,AllanBARTE
2020-04-01 22:59:42,globulab,996,"RT @AllanBARTE: √Ä la demande de Macron, la Caisse des d√©p√¥ts travaille √† acc√©l√©rer marchandisation et privatisation de l'H√¥pital Public.

üêü‚Ä¶",True,AllanBARTE
2020-04-01 22:59:15,DimitriKouame,962,RT @R_DeCastelnau: Quelqu‚Äôun pour dire √† l‚Äôimposteur  qu‚Äôen temps de ¬´¬†guerre¬†¬ª on rel√®ve les g√©n√©raux incomp√©tents et on en fusille aussi.‚Ä¶,True,R_DeCastelnau
2020-04-01 22:58:46,grainedailzeur,996,"RT @AllanBARTE: √Ä la demande de Macron, la Caisse des d√©p√¥ts travaille √† acc√©l√©rer marchandisation et privatisation de l'H√¥pital Public.

üêü‚Ä¶",True,AllanBARTE
2020-04-01 22:58:39,MathBardt,996,"RT @AllanBARTE: √Ä la demande de Macron, la Caisse des d√©p√¥ts travaille √† acc√©l√©rer marchandisation et privatisation de l'H√¥pital Public.

üêü‚Ä¶",True,AllanBARTE
2020-04-01 22:58:38,Myale,145,"RT @R_DeCastelnau: Et vous n‚Äôavez pas honte ? Ce texte n‚Äôest qu‚Äôune longue ineptie juridique. Soit vous √™tes ignorant de cette mati√®re, soi‚Ä¶",True,R_DeCastelnau
2020-04-01 22:58:12,Gautier08103923,286,"RT @RoulioRoulio: Audition d'Edouard Philippe et d'Olivier V√©ran par les d√©put√©s sur la gestion de la crise.

Mais y'a toujours un mec pour‚Ä¶",True,RoulioRoulio
2020-04-01 22:57:18,hattab_morad,1020,"RT @R_DeCastelnau: Et voil√† que maintenant il menace ! Il faut lire la conclusion de cet article. Clivant les Fran√ßais comme jamais, incapa‚Ä¶",True,R_DeCastelnau
2020-04-01 22:56:39,clanuitblanche,996,"RT @AllanBARTE: √Ä la demande de Macron, la Caisse des d√©p√¥ts travaille √† acc√©l√©rer marchandisation et privatisation de l'H√¥pital Public.

üêü‚Ä¶",True,AllanBARTE
2020-04-01 22:56:16,adrienrusso,311,RT @Hugo_Capelli: Ce que vous voyez √† la t√©l√© sur @franceinfo VS ce que vous ne voyez pas üòÇ #confinement #ConfinementJour16 https://t.co/XF‚Ä¶,True,Hugo_Capelli
2020-04-01 22:52:41,boubouche73,962,RT @R_DeCastelnau: Quelqu‚Äôun pour dire √† l‚Äôimposteur  qu‚Äôen temps de ¬´¬†guerre¬†¬ª on rel√®ve les g√©n√©raux incomp√©tents et on en fusille aussi.‚Ä¶,True,R_DeCastelnau
2020-04-01 22:51:25,IndianaJaune51,1020,"RT @R_DeCastelnau: Et voil√† que maintenant il menace ! Il faut lire la conclusion de cet article. Clivant les Fran√ßais comme jamais, incapa‚Ä¶",True,R_DeCastelnau
2020-04-01 22:47:45,CitoyenDecu,1020,"RT @R_DeCastelnau: Et voil√† que maintenant il menace ! Il faut lire la conclusion de cet article. Clivant les Fran√ßais comme jamais, incapa‚Ä¶",True,R_DeCastelnau
2020-04-01 22:47:32,IkBentl7ajj,286,"RT @RoulioRoulio: Audition d'Edouard Philippe et d'Olivier V√©ran par les d√©put√©s sur la gestion de la crise.

Mais y'a toujours un mec pour‚Ä¶",True,RoulioRoulio
2020-04-01 22:46:48,if_only1004,67,"RT @LaTourEiffel: üá´üá∑ #ConfinementJour16 : pour vous aider √† r√©viser vos classiques du #cin√©ma, voici une liste de films dans lesquels je fi‚Ä¶",True,LaTourEiffel
2020-04-01 22:46:20,Eli_Khon,962,RT @R_DeCastelnau: Quelqu‚Äôun pour dire √† l‚Äôimposteur  qu‚Äôen temps de ¬´¬†guerre¬†¬ª on rel√®ve les g√©n√©raux incomp√©tents et on en fusille aussi.‚Ä¶,True,R_DeCastelnau
2020-04-01 22:46:16,isabellem480,996,"RT @AllanBARTE: √Ä la demande de Macron, la Caisse des d√©p√¥ts travaille √† acc√©l√©rer marchandisation et privatisation de l'H√¥pital Public.

üêü‚Ä¶",True,AllanBARTE
2020-04-01 22:44:51,johnny_cage75,1020,"RT @R_DeCastelnau: Et voil√† que maintenant il menace ! Il faut lire la conclusion de cet article. Clivant les Fran√ßais comme jamais, incapa‚Ä¶",True,R_DeCastelnau
2020-04-01 22:44:51,dipsforlife,1,"RT @cookiemlc: WWIII
Les feux en Australie
Le Coronavirus
Disney plus repouss√© 
Maintenant #instagramdown

#COVID„Éº19
#ConfinementJour16 htt‚Ä¶",True,cookiemlc
2020-04-01 22:44:30,svklvo,996,"RT @AllanBARTE: √Ä la demande de Macron, la Caisse des d√©p√¥ts travaille √† acc√©l√©rer marchandisation et privatisation de l'H√¥pital Public.

üêü‚Ä¶",True,AllanBARTE
2020-04-01 22:44:01,SarahZola4,1020,"RT @R_DeCastelnau: Et voil√† que maintenant il menace ! Il faut lire la conclusion de cet article. Clivant les Fran√ßais comme jamais, incapa‚Ä¶",True,R_DeCastelnau
2020-04-01 22:43:09,nathounut,1020,"RT @R_DeCastelnau: Et voil√† que maintenant il menace ! Il faut lire la conclusion de cet article. Clivant les Fran√ßais comme jamais, incapa‚Ä¶",True,R_DeCastelnau
2020-04-01 22:42:38,preuxolivier,1020,"RT @R_DeCastelnau: Et voil√† que maintenant il menace ! Il faut lire la conclusion de cet article. Clivant les Fran√ßais comme jamais, incapa‚Ä¶",True,R_DeCastelnau
2020-04-01 22:42:20,Elach_LH,996,"RT @AllanBARTE: √Ä la demande de Macron, la Caisse des d√©p√¥ts travaille √† acc√©l√©rer marchandisation et privatisation de l'H√¥pital Public.

üêü‚Ä¶",True,AllanBARTE
2020-04-01 22:41:46,RRetraite,1020,"RT @R_DeCastelnau: Et voil√† que maintenant il menace ! Il faut lire la conclusion de cet article. Clivant les Fran√ßais comme jamais, incapa‚Ä¶",True,R_DeCastelnau
2020-04-01 22:41:39,lolsico,1020,"RT @R_DeCastelnau: Et voil√† que maintenant il menace ! Il faut lire la conclusion de cet article. Clivant les Fran√ßais comme jamais, incapa‚Ä¶",True,R_DeCastelnau
2020-04-01 22:41:02,Adan06773354,996,"RT @AllanBARTE: √Ä la demande de Macron, la Caisse des d√©p√¥ts travaille √† acc√©l√©rer marchandisation et privatisation de l'H√¥pital Public.

üêü‚Ä¶",True,AllanBARTE
2020-04-01 22:41:01,david_reguer,0,Le¬†¬´tracking¬ª de la population par Bluetooth: une option √©tudi√©e par la France ‚Äì Politique | L'Opinion #COVID„Éº19‚Ä¶ https://t.co/74YfSa9HBv,False,False
2020-04-01 22:40:27,LittleMartin,286,"RT @RoulioRoulio: Audition d'Edouard Philippe et d'Olivier V√©ran par les d√©put√©s sur la gestion de la crise.

Mais y'a toujours un mec pour‚Ä¶",True,RoulioRoulio
2020-04-01 22:40:24,SaulB60650104,962,RT @R_DeCastelnau: Quelqu‚Äôun pour dire √† l‚Äôimposteur  qu‚Äôen temps de ¬´¬†guerre¬†¬ª on rel√®ve les g√©n√©raux incomp√©tents et on en fusille aussi.‚Ä¶,True,R_DeCastelnau
2020-04-01 22:39:20,ma_france4,962,RT @R_DeCastelnau: Quelqu‚Äôun pour dire √† l‚Äôimposteur  qu‚Äôen temps de ¬´¬†guerre¬†¬ª on rel√®ve les g√©n√©raux incomp√©tents et on en fusille aussi.‚Ä¶,True,R_DeCastelnau
2020-04-01 22:38:20,sound_manu,1020,"RT @R_DeCastelnau: Et voil√† que maintenant il menace ! Il faut lire la conclusion de cet article. Clivant les Fran√ßais comme jamais, incapa‚Ä¶",True,R_DeCastelnau
2020-04-01 22:36:10,leoxymoron,996,"RT @AllanBARTE: √Ä la demande de Macron, la Caisse des d√©p√¥ts travaille √† acc√©l√©rer marchandisation et privatisation de l'H√¥pital Public.

üêü‚Ä¶",True,AllanBARTE
2020-04-01 22:35:50,Flobga,996,"RT @AllanBARTE: √Ä la demande de Macron, la Caisse des d√©p√¥ts travaille √† acc√©l√©rer marchandisation et privatisation de l'H√¥pital Public.

üêü‚Ä¶",True,AllanBARTE
2020-04-01 22:35:49,romainbgb,0,"Douces m√©ditations et pri√®res pendant l'√©criture de mon journal de #confinement. 
48 pages griffonn√©es sur les page‚Ä¶ https://t.co/UQkFrcQ6kk",False,False
2020-04-01 22:34:30,allmageddon,1020,"RT @R_DeCastelnau: Et voil√† que maintenant il menace ! Il faut lire la conclusion de cet article. Clivant les Fran√ßais comme jamais, incapa‚Ä¶",True,R_DeCastelnau
2020-04-01 22:34:01,n0passaran,1020,"RT @R_DeCastelnau: Et voil√† que maintenant il menace ! Il faut lire la conclusion de cet article. Clivant les Fran√ßais comme jamais, incapa‚Ä¶",True,R_DeCastelnau
2020-04-01 22:33:45,chw313,68,"RT @armeedeterre: [#Arm√©esSouvenirs] Vous connaissez les diff√©rentes ""Armes"" de l'@armeedeterre ? 

En ce #ConfinementJour16, d√Ætes nous si‚Ä¶",True,armeedeterre
2020-04-01 22:32:40,babswad,6,"RT @LaTribune: üîµ L'Allemagne prolonge la distanciation sociale au moins jusqu'au 19 avril

[En continu]
https://t.co/EIlcNNaLIv
#Confinemen‚Ä¶",True,LaTribune
2020-04-01 22:32:10,RonanAtStardust,35,RT @FranceNews24: üî¥ ALERTE INFO - #Chine : N'en d√©plaise au gouvernement fran√ßais ¬´ne pas porter de masque pour se prot√©ger du coronavirus‚Ä¶,True,FranceNews24
2020-04-01 22:31:19,FredGolfcab80,996,"RT @AllanBARTE: √Ä la demande de Macron, la Caisse des d√©p√¥ts travaille √† acc√©l√©rer marchandisation et privatisation de l'H√¥pital Public.

üêü‚Ä¶",True,AllanBARTE
2020-04-01 22:31:01,hauteville_de,46,"RT @LePoint: Jean-Marie Le Pen consid√®re que sa fille Marine Le Pen est √† la hauteur de l'√©v√©nement. Le fondateur du Front national n'a, en‚Ä¶",True,LePoint
2020-04-01 22:30:47,retsam94,1020,"RT @R_DeCastelnau: Et voil√† que maintenant il menace ! Il faut lire la conclusion de cet article. Clivant les Fran√ßais comme jamais, incapa‚Ä¶",True,R_DeCastelnau
2020-04-01 22:30:42,Opuscopus21,1020,"RT @R_DeCastelnau: Et voil√† que maintenant il menace ! Il faut lire la conclusion de cet article. Clivant les Fran√ßais comme jamais, incapa‚Ä¶",True,R_DeCastelnau
2020-04-01 22:29:53,rlcconseil,6,"RT @AlterEco_: Kandia, lyc√©enne √† Trappes: ""Ce confinement me rend folle"" #ConfinementJour16 
https://t.co/Odt6Rdhsgu https://t.co/0rgwJaop‚Ä¶",True,AlterEco_
2020-04-01 22:29:31,AnnaSpMd,26,"RT @_GaetanBertrand: #MurDe20h
Mercredi 01/04/20 #confinementjour16

¬´¬†Il n‚Äôy a pas eu de retard sur les mesures de confinement

Soutien au‚Ä¶",True,_GaetanBertrand
2020-04-01 22:28:53,StfBARRAUD,1020,"RT @R_DeCastelnau: Et voil√† que maintenant il menace ! Il faut lire la conclusion de cet article. Clivant les Fran√ßais comme jamais, incapa‚Ä¶",True,R_DeCastelnau
2020-04-01 22:28:42,DrucbertE,68,"RT @armeedeterre: [#Arm√©esSouvenirs] Vous connaissez les diff√©rentes ""Armes"" de l'@armeedeterre ? 

En ce #ConfinementJour16, d√Ætes nous si‚Ä¶",True,armeedeterre
2020-04-01 22:28:34,abdelchat,286,"RT @RoulioRoulio: Audition d'Edouard Philippe et d'Olivier V√©ran par les d√©put√©s sur la gestion de la crise.

Mais y'a toujours un mec pour‚Ä¶",True,RoulioRoulio
2020-04-01 22:28:24,MelendoJuan3,1020,"RT @R_DeCastelnau: Et voil√† que maintenant il menace ! Il faut lire la conclusion de cet article. Clivant les Fran√ßais comme jamais, incapa‚Ä¶",True,R_DeCastelnau
2020-04-01 22:28:20,DehorsManu,145,"RT @R_DeCastelnau: Et vous n‚Äôavez pas honte ? Ce texte n‚Äôest qu‚Äôune longue ineptie juridique. Soit vous √™tes ignorant de cette mati√®re, soi‚Ä¶",True,R_DeCastelnau
2020-04-01 22:28:09,DehorsManu,1020,"RT @R_DeCastelnau: Et voil√† que maintenant il menace ! Il faut lire la conclusion de cet article. Clivant les Fran√ßais comme jamais, incapa‚Ä¶",True,R_DeCastelnau
2020-04-01 22:28:00,Kokopello_BD,286,"RT @RoulioRoulio: Audition d'Edouard Philippe et d'Olivier V√©ran par les d√©put√©s sur la gestion de la crise.

Mais y'a toujours un mec pour‚Ä¶",True,RoulioRoulio
2020-04-01 22:27:55,fpaRigaux,8,"RT @Cdesarts: J√©r√¥me #Bosch, faiseur de diables et peintre du destin des hommes üé® https://t.co/5Yozn77n0f #J√©r√¥meBosch #CdesartsChezVous #C‚Ä¶",True,Cdesarts
2020-04-01 22:27:46,RevolteRevoltee,1020,"RT @R_DeCastelnau: Et voil√† que maintenant il menace ! Il faut lire la conclusion de cet article. Clivant les Fran√ßais comme jamais, incapa‚Ä¶",True,R_DeCastelnau
2020-04-01 22:27:32,jprivais,1020,"RT @R_DeCastelnau: Et voil√† que maintenant il menace ! Il faut lire la conclusion de cet article. Clivant les Fran√ßais comme jamais, incapa‚Ä¶",True,R_DeCastelnau
2020-04-01 22:26:54,AlexisJosDANIEL,6,"RT @AlterEco_: Kandia, lyc√©enne √† Trappes: ""Ce confinement me rend folle"" #ConfinementJour16 
https://t.co/Odt6Rdhsgu https://t.co/0rgwJaop‚Ä¶",True,AlterEco_
2020-04-01 22:26:48,kouikoua1,996,"RT @AllanBARTE: √Ä la demande de Macron, la Caisse des d√©p√¥ts travaille √† acc√©l√©rer marchandisation et privatisation de l'H√¥pital Public.

üêü‚Ä¶",True,AllanBARTE
2020-04-01 22:26:02,newtonmouloud,145,"RT @R_DeCastelnau: Et vous n‚Äôavez pas honte ? Ce texte n‚Äôest qu‚Äôune longue ineptie juridique. Soit vous √™tes ignorant de cette mati√®re, soi‚Ä¶",True,R_DeCastelnau
2020-04-01 22:25:58,BlackBelt_35,996,"RT @AllanBARTE: √Ä la demande de Macron, la Caisse des d√©p√¥ts travaille √† acc√©l√©rer marchandisation et privatisation de l'H√¥pital Public.

üêü‚Ä¶",True,AllanBARTE
2020-04-01 22:25:52,ibisims,286,"RT @RoulioRoulio: Audition d'Edouard Philippe et d'Olivier V√©ran par les d√©put√©s sur la gestion de la crise.

Mais y'a toujours un mec pour‚Ä¶",True,RoulioRoulio
2020-04-01 22:25:52,ConallOg,996,"RT @AllanBARTE: √Ä la demande de Macron, la Caisse des d√©p√¥ts travaille √† acc√©l√©rer marchandisation et privatisation de l'H√¥pital Public.

üêü‚Ä¶",True,AllanBARTE
2020-04-01 22:24:34,PauloniaDieRote,996,"RT @AllanBARTE: √Ä la demande de Macron, la Caisse des d√©p√¥ts travaille √† acc√©l√©rer marchandisation et privatisation de l'H√¥pital Public.

üêü‚Ä¶",True,AllanBARTE
2020-04-01 22:23:55,david_reguer,0,"La d√©claration de mise en ch√¥mage partiel, ""un chemin de croix"" pour certaines entreprises... r√©alit√©s, paroles pol‚Ä¶ https://t.co/k3O3YaVzQY",False,False
2020-04-01 22:23:40,SoundShaker,0,"#ConfinementJour16
J'ai oubli√© le morceau du jour ! üò±
Du coup je mets un morceau que je trouve magnifique ! 
Milk C‚Ä¶ https://t.co/w3Wtmshyvw",False,False
2020-04-01 22:23:24,calamitejan,1020,"RT @R_DeCastelnau: Et voil√† que maintenant il menace ! Il faut lire la conclusion de cet article. Clivant les Fran√ßais comme jamais, incapa‚Ä¶",True,R_DeCastelnau
2020-04-01 22:23:14,renalexander,0,"Âç§ËÇâÈ•≠Ôºö
ÁõêÂíåËÉ°Ê§íËÖåËÇâ
Ëë±ÂßúËíúÁÖ∏ÁÇíÂä†ËÇâ
ËÄÅÊäΩÁîüÊäΩÊñôÈÖíÊ∞¥=1:1:1:3
ÂÖ•ÁôΩÁÖÆËõãÂ∞èÁÅ´ÁÇñÁÖÆ
Âä†‰∫õËÆ∏Á≥ñÊî∂Ê±Å
Âä†Ëë±Ëä±Ë£ÖÁõò
#ConfinementJour16",False,False
2020-04-01 22:23:12,le__mutin,996,"RT @AllanBARTE: √Ä la demande de Macron, la Caisse des d√©p√¥ts travaille √† acc√©l√©rer marchandisation et privatisation de l'H√¥pital Public.

üêü‚Ä¶",True,AllanBARTE
2020-04-01 22:22:54,_BruBruu_,311,RT @Hugo_Capelli: Ce que vous voyez √† la t√©l√© sur @franceinfo VS ce que vous ne voyez pas üòÇ #confinement #ConfinementJour16 https://t.co/XF‚Ä¶,True,Hugo_Capelli
2020-04-01 22:22:27,Tothgabriellaga,67,"RT @LaTourEiffel: üá´üá∑ #ConfinementJour16 : pour vous aider √† r√©viser vos classiques du #cin√©ma, voici une liste de films dans lesquels je fi‚Ä¶",True,LaTourEiffel
2020-04-01 22:21:53,Dom0168,1020,"RT @R_DeCastelnau: Et voil√† que maintenant il menace ! Il faut lire la conclusion de cet article. Clivant les Fran√ßais comme jamais, incapa‚Ä¶",True,R_DeCastelnau
2020-04-01 22:21:45,rosepivoine46,1020,"RT @R_DeCastelnau: Et voil√† que maintenant il menace ! Il faut lire la conclusion de cet article. Clivant les Fran√ßais comme jamais, incapa‚Ä¶",True,R_DeCastelnau
2020-04-01 22:21:33,sarah__dgb,10,RT @UEFrance: #ConfinementJour16 : sensibilisez vos enfants aux th√©matiques de l'environnement &amp; du climat gr√¢ce aux livrets gratuits d√©vel‚Ä¶,True,UEFrance
2020-04-01 22:21:01,Antoiineeeeee,286,"RT @RoulioRoulio: Audition d'Edouard Philippe et d'Olivier V√©ran par les d√©put√©s sur la gestion de la crise.

Mais y'a toujours un mec pour‚Ä¶",True,RoulioRoulio
2020-04-01 22:20:56,coboyunebiere,996,"RT @AllanBARTE: √Ä la demande de Macron, la Caisse des d√©p√¥ts travaille √† acc√©l√©rer marchandisation et privatisation de l'H√¥pital Public.

üêü‚Ä¶",True,AllanBARTE
2020-04-01 22:20:37,DDaya_23,311,RT @Hugo_Capelli: Ce que vous voyez √† la t√©l√© sur @franceinfo VS ce que vous ne voyez pas üòÇ #confinement #ConfinementJour16 https://t.co/XF‚Ä¶,True,Hugo_Capelli
2020-04-01 22:20:31,juju_cokelaer,311,RT @Hugo_Capelli: Ce que vous voyez √† la t√©l√© sur @franceinfo VS ce que vous ne voyez pas üòÇ #confinement #ConfinementJour16 https://t.co/XF‚Ä¶,True,Hugo_Capelli
2020-04-01 22:20:15,TSinforme,1020,"RT @R_DeCastelnau: Et voil√† que maintenant il menace ! Il faut lire la conclusion de cet article. Clivant les Fran√ßais comme jamais, incapa‚Ä¶",True,R_DeCastelnau
2020-04-01 22:20:05,LaurenceDANIEAU,145,"RT @R_DeCastelnau: Et vous n‚Äôavez pas honte ? Ce texte n‚Äôest qu‚Äôune longue ineptie juridique. Soit vous √™tes ignorant de cette mati√®re, soi‚Ä¶",True,R_DeCastelnau
2020-04-01 22:19:57,papanours60,996,"RT @AllanBARTE: √Ä la demande de Macron, la Caisse des d√©p√¥ts travaille √† acc√©l√©rer marchandisation et privatisation de l'H√¥pital Public.

üêü‚Ä¶",True,AllanBARTE
2020-04-01 22:19:34,LDCNewsagency,1,Paris like you've never seen it before https://t.co/laYo1tryb5 @CovidCovid19 #ConfinementJour16  #COVID19france‚Ä¶ https://t.co/c1NuD8SNsO,False,False
2020-04-01 22:19:11,agentbabas,46,"RT @LePoint: Jean-Marie Le Pen consid√®re que sa fille Marine Le Pen est √† la hauteur de l'√©v√©nement. Le fondateur du Front national n'a, en‚Ä¶",True,LePoint
2020-04-01 22:19:05,SaulB60650104,1020,"RT @R_DeCastelnau: Et voil√† que maintenant il menace ! Il faut lire la conclusion de cet article. Clivant les Fran√ßais comme jamais, incapa‚Ä¶",True,R_DeCastelnau
2020-04-01 22:18:57,Tro_breiz,46,"RT @LePoint: Jean-Marie Le Pen consid√®re que sa fille Marine Le Pen est √† la hauteur de l'√©v√©nement. Le fondateur du Front national n'a, en‚Ä¶",True,LePoint
2020-04-01 22:18:26,JPE92400,1020,"RT @R_DeCastelnau: Et voil√† que maintenant il menace ! Il faut lire la conclusion de cet article. Clivant les Fran√ßais comme jamais, incapa‚Ä¶",True,R_DeCastelnau
2020-04-01 22:17:53,_cauchinr_,286,"RT @RoulioRoulio: Audition d'Edouard Philippe et d'Olivier V√©ran par les d√©put√©s sur la gestion de la crise.

Mais y'a toujours un mec pour‚Ä¶",True,RoulioRoulio
2020-04-01 22:16:57,Enihpleda,286,"RT @RoulioRoulio: Audition d'Edouard Philippe et d'Olivier V√©ran par les d√©put√©s sur la gestion de la crise.

Mais y'a toujours un mec pour‚Ä¶",True,RoulioRoulio
2020-04-01 22:16:55,benabdul225,2,RT @antonyadavid: #ConfinementJour16 J'ai vaincu mon angoisse et suis sortie faire des courses. Je me suis lav√©e les mains plus que de rais‚Ä¶,True,antonyadavid
2020-04-01 22:16:45,DehorsManu,996,"RT @AllanBARTE: √Ä la demande de Macron, la Caisse des d√©p√¥ts travaille √† acc√©l√©rer marchandisation et privatisation de l'H√¥pital Public.

üêü‚Ä¶",True,AllanBARTE
2020-04-01 22:16:39,Mleau2,1020,"RT @R_DeCastelnau: Et voil√† que maintenant il menace ! Il faut lire la conclusion de cet article. Clivant les Fran√ßais comme jamais, incapa‚Ä¶",True,R_DeCastelnau
2020-04-01 22:16:30,bapt_weet,311,RT @Hugo_Capelli: Ce que vous voyez √† la t√©l√© sur @franceinfo VS ce que vous ne voyez pas üòÇ #confinement #ConfinementJour16 https://t.co/XF‚Ä¶,True,Hugo_Capelli
2020-04-01 22:16:21,FLastulipas,0,"C‚Äôest fou quand m√™me, l‚Äô√©tat fran√ßais a distribu√© plus d‚Äôamende, que de masque en cette p√©riode de crise sanitaire‚Ä¶ https://t.co/RPSEVaKLsz",False,False
2020-04-01 22:16:09,H4v3l0ck,996,"RT @AllanBARTE: √Ä la demande de Macron, la Caisse des d√©p√¥ts travaille √† acc√©l√©rer marchandisation et privatisation de l'H√¥pital Public.

üêü‚Ä¶",True,AllanBARTE
2020-04-01 22:15:07,bitsofzaza,286,"RT @RoulioRoulio: Audition d'Edouard Philippe et d'Olivier V√©ran par les d√©put√©s sur la gestion de la crise.

Mais y'a toujours un mec pour‚Ä¶",True,RoulioRoulio
2020-04-01 22:14:47,renalexander,0,"4Êúà1Êó•
Â∞ÅÂüéÁ¨¨ÂçÅÂÖ≠Â§©
‰∏äÂçàconference call
‰∏ãÂçàÂÅö‰∫ÜÂç§ËÇâÈ•≠
ÂáÜÂ§áÊúÄËøëÂÜçÂÖ•Êâã‰∏Ä‰∫õÊ≤πÊ∞îÁ±ªÁöÑETF
#ConfinementJour16",False,False
2020-04-01 22:14:24,Mlodie18942131,8,"RT @TLopezDeArias: ü§£ü¶†üçù #humour du jour de #CONFINEMENTJOUR15 üíØ

#TuVasCraquer #Coronavirustruth #FranceUnie #ConfinementJour16 #confinement‚Ä¶",True,TLopezDeArias
2020-04-01 22:14:01,DiatchenkoM,962,RT @R_DeCastelnau: Quelqu‚Äôun pour dire √† l‚Äôimposteur  qu‚Äôen temps de ¬´¬†guerre¬†¬ª on rel√®ve les g√©n√©raux incomp√©tents et on en fusille aussi.‚Ä¶,True,R_DeCastelnau
2020-04-01 22:12:45,LoulouRzf,286,"RT @RoulioRoulio: Audition d'Edouard Philippe et d'Olivier V√©ran par les d√©put√©s sur la gestion de la crise.

Mais y'a toujours un mec pour‚Ä¶",True,RoulioRoulio
2020-04-01 22:12:12,HighRod5,6,"RT @allianzfrance: #ChezSoiMaisEnsemble
Pour les petits, comme pour les grands...
D√©couvrez les 5 films (et s√©ries) du moment d' @EstelleMo‚Ä¶",True,allianzfrance
2020-04-01 22:11:39,Barraud_G,68,"RT @armeedeterre: [#Arm√©esSouvenirs] Vous connaissez les diff√©rentes ""Armes"" de l'@armeedeterre ? 

En ce #ConfinementJour16, d√Ætes nous si‚Ä¶",True,armeedeterre
2020-04-01 22:11:19,simnico971,996,"RT @AllanBARTE: √Ä la demande de Macron, la Caisse des d√©p√¥ts travaille √† acc√©l√©rer marchandisation et privatisation de l'H√¥pital Public.

üêü‚Ä¶",True,AllanBARTE
2020-04-01 22:10:55,sammerlin8,1020,"RT @R_DeCastelnau: Et voil√† que maintenant il menace ! Il faut lire la conclusion de cet article. Clivant les Fran√ßais comme jamais, incapa‚Ä¶",True,R_DeCastelnau
2020-04-01 22:10:36,EllalalalaleR,996,"RT @AllanBARTE: √Ä la demande de Macron, la Caisse des d√©p√¥ts travaille √† acc√©l√©rer marchandisation et privatisation de l'H√¥pital Public.

üêü‚Ä¶",True,AllanBARTE
2020-04-01 22:09:51,sputnikland75,1020,"RT @R_DeCastelnau: Et voil√† que maintenant il menace ! Il faut lire la conclusion de cet article. Clivant les Fran√ßais comme jamais, incapa‚Ä¶",True,R_DeCastelnau
2020-04-01 22:09:16,Ishaan92i,0,#PNL #ConfinementJour16 Jour16 https://t.co/6LhoJmpOJf,False,False
2020-04-01 22:08:49,chatounerebelle,1020,"RT @R_DeCastelnau: Et voil√† que maintenant il menace ! Il faut lire la conclusion de cet article. Clivant les Fran√ßais comme jamais, incapa‚Ä¶",True,R_DeCastelnau
2020-04-01 22:08:38,Poggi1917,962,RT @R_DeCastelnau: Quelqu‚Äôun pour dire √† l‚Äôimposteur  qu‚Äôen temps de ¬´¬†guerre¬†¬ª on rel√®ve les g√©n√©raux incomp√©tents et on en fusille aussi.‚Ä¶,True,R_DeCastelnau
2020-04-01 22:08:18,rabahAH,2,La France vole les masques qui transitaient de Su√®de vers l‚ÄôItalie et l‚ÄôEspagne. #ConfinementJour16 #COVID„Éº19‚Ä¶ https://t.co/mqarVeH06h,False,False
2020-04-01 22:07:29,JulienAyne,286,"RT @RoulioRoulio: Audition d'Edouard Philippe et d'Olivier V√©ran par les d√©put√©s sur la gestion de la crise.

Mais y'a toujours un mec pour‚Ä¶",True,RoulioRoulio
2020-04-01 22:07:23,ln123Champagne,1020,"RT @R_DeCastelnau: Et voil√† que maintenant il menace ! Il faut lire la conclusion de cet article. Clivant les Fran√ßais comme jamais, incapa‚Ä¶",True,R_DeCastelnau
2020-04-01 22:07:20,Ellias_18,996,"RT @AllanBARTE: √Ä la demande de Macron, la Caisse des d√©p√¥ts travaille √† acc√©l√©rer marchandisation et privatisation de l'H√¥pital Public.

üêü‚Ä¶",True,AllanBARTE
2020-04-01 22:06:50,Sexeshopgay,0,"Une telle ma√Ætrise du port et de l‚Äôutilisation du masque, √ßa se respecte ! #COVID„Éº19 #ConfinementJour16 https://t.co/tJT1uuFqqP",False,False
2020-04-01 22:06:44,Nominoe922,1020,"RT @R_DeCastelnau: Et voil√† que maintenant il menace ! Il faut lire la conclusion de cet article. Clivant les Fran√ßais comme jamais, incapa‚Ä¶",True,R_DeCastelnau
2020-04-01 22:06:13,AmocManoo,0,"Conduire en restant chez soi, c'est possible, la preuve...... #COVID„Éº19
#CoronavirusFrance #coronavirus‚Ä¶ https://t.co/1H49Dc7QPl",False,False
2020-04-01 22:05:46,social_projects,0,"My hubby writes so much better than me üòÇ. #ConfinementJour16 we‚Äôre never bored, #Handwritingchallenge can you write‚Ä¶ https://t.co/1nhRUVxIqS",False,False
2020-04-01 22:05:37,ChamirianM,1020,"RT @R_DeCastelnau: Et voil√† que maintenant il menace ! Il faut lire la conclusion de cet article. Clivant les Fran√ßais comme jamais, incapa‚Ä¶",True,R_DeCastelnau
2020-04-01 22:05:35,noabignet,286,"RT @RoulioRoulio: Audition d'Edouard Philippe et d'Olivier V√©ran par les d√©put√©s sur la gestion de la crise.

Mais y'a toujours un mec pour‚Ä¶",True,RoulioRoulio
2020-04-01 22:05:00,MspOwenor,286,"RT @RoulioRoulio: Audition d'Edouard Philippe et d'Olivier V√©ran par les d√©put√©s sur la gestion de la crise.

Mais y'a toujours un mec pour‚Ä¶",True,RoulioRoulio
2020-04-01 22:04:45,GregMorvan,26,"RT @_GaetanBertrand: #MurDe20h
Mercredi 01/04/20 #confinementjour16

¬´¬†Il n‚Äôy a pas eu de retard sur les mesures de confinement

Soutien au‚Ä¶",True,_GaetanBertrand
2020-04-01 22:04:16,Zegabe74,962,RT @R_DeCastelnau: Quelqu‚Äôun pour dire √† l‚Äôimposteur  qu‚Äôen temps de ¬´¬†guerre¬†¬ª on rel√®ve les g√©n√©raux incomp√©tents et on en fusille aussi.‚Ä¶,True,R_DeCastelnau
2020-04-01 22:03:33,ZaccardiLivio,286,"RT @RoulioRoulio: Audition d'Edouard Philippe et d'Olivier V√©ran par les d√©put√©s sur la gestion de la crise.

Mais y'a toujours un mec pour‚Ä¶",True,RoulioRoulio
2020-04-01 22:03:19,lou8dvs,286,"RT @RoulioRoulio: Audition d'Edouard Philippe et d'Olivier V√©ran par les d√©put√©s sur la gestion de la crise.

Mais y'a toujours un mec pour‚Ä¶",True,RoulioRoulio
2020-04-01 22:03:05,alexand29964546,311,RT @Hugo_Capelli: Ce que vous voyez √† la t√©l√© sur @franceinfo VS ce que vous ne voyez pas üòÇ #confinement #ConfinementJour16 https://t.co/XF‚Ä¶,True,Hugo_Capelli
2020-04-01 22:02:47,Johandf,0,"Je suis le seul √† encore devoir recopier l‚Äôattestation, genre vous, Yolo, vous le faites de t√™te ? #CONFINEMENTJOUR16",False,False
2020-04-01 22:02:02,argenti59545613,1020,"RT @R_DeCastelnau: Et voil√† que maintenant il menace ! Il faut lire la conclusion de cet article. Clivant les Fran√ßais comme jamais, incapa‚Ä¶",True,R_DeCastelnau
2020-04-01 22:01:24,coconutgr00ve,286,"RT @RoulioRoulio: Audition d'Edouard Philippe et d'Olivier V√©ran par les d√©put√©s sur la gestion de la crise.

Mais y'a toujours un mec pour‚Ä¶",True,RoulioRoulio
2020-04-01 22:00:26,Clem_VH,996,"RT @AllanBARTE: √Ä la demande de Macron, la Caisse des d√©p√¥ts travaille √† acc√©l√©rer marchandisation et privatisation de l'H√¥pital Public.

üêü‚Ä¶",True,AllanBARTE
2020-04-01 22:00:16,MallVirginie,145,"RT @R_DeCastelnau: Et vous n‚Äôavez pas honte ? Ce texte n‚Äôest qu‚Äôune longue ineptie juridique. Soit vous √™tes ignorant de cette mati√®re, soi‚Ä¶",True,R_DeCastelnau
2020-04-01 21:59:57,Salma97641572,286,"RT @RoulioRoulio: Audition d'Edouard Philippe et d'Olivier V√©ran par les d√©put√©s sur la gestion de la crise.

Mais y'a toujours un mec pour‚Ä¶",True,RoulioRoulio
2020-04-01 21:59:57,CollinLecomte,3,"RT @parisparisfr: La culture au temps du #Coronavid19. Relire Camus. Veuillez trouver ici une √©dition √©lectronique de #LaPeste, livre paru‚Ä¶",True,parisparisfr
2020-04-01 21:59:24,KbHerve,286,"RT @RoulioRoulio: Audition d'Edouard Philippe et d'Olivier V√©ran par les d√©put√©s sur la gestion de la crise.

Mais y'a toujours un mec pour‚Ä¶",True,RoulioRoulio
2020-04-01 21:59:06,YaRarabBiTek,996,"RT @AllanBARTE: √Ä la demande de Macron, la Caisse des d√©p√¥ts travaille √† acc√©l√©rer marchandisation et privatisation de l'H√¥pital Public.

üêü‚Ä¶",True,AllanBARTE
2020-04-01 21:58:28,ArthurRenault,286,"RT @RoulioRoulio: Audition d'Edouard Philippe et d'Olivier V√©ran par les d√©put√©s sur la gestion de la crise.

Mais y'a toujours un mec pour‚Ä¶",True,RoulioRoulio
2020-04-01 21:58:05,fougere_,311,RT @Hugo_Capelli: Ce que vous voyez √† la t√©l√© sur @franceinfo VS ce que vous ne voyez pas üòÇ #confinement #ConfinementJour16 https://t.co/XF‚Ä¶,True,Hugo_Capelli
2020-04-01 21:58:03,Ficello365,286,"RT @RoulioRoulio: Audition d'Edouard Philippe et d'Olivier V√©ran par les d√©put√©s sur la gestion de la crise.

Mais y'a toujours un mec pour‚Ä¶",True,RoulioRoulio
2020-04-01 21:57:54,LBCeleste,67,"RT @LaTourEiffel: üá´üá∑ #ConfinementJour16 : pour vous aider √† r√©viser vos classiques du #cin√©ma, voici une liste de films dans lesquels je fi‚Ä¶",True,LaTourEiffel
2020-04-01 21:57:47,DinelBea,1020,"RT @R_DeCastelnau: Et voil√† que maintenant il menace ! Il faut lire la conclusion de cet article. Clivant les Fran√ßais comme jamais, incapa‚Ä¶",True,R_DeCastelnau
2020-04-01 21:57:39,Teuxe,1020,"RT @R_DeCastelnau: Et voil√† que maintenant il menace ! Il faut lire la conclusion de cet article. Clivant les Fran√ßais comme jamais, incapa‚Ä¶",True,R_DeCastelnau
2020-04-01 21:55:56,ydrisskhz,286,"RT @RoulioRoulio: Audition d'Edouard Philippe et d'Olivier V√©ran par les d√©put√©s sur la gestion de la crise.

Mais y'a toujours un mec pour‚Ä¶",True,RoulioRoulio
2020-04-01 21:55:38,pcurec62,7,RT @gayregis: #ConfinementJour16 ......... un dessin de Deligne https://t.co/y50yct4Zn9,True,gayregis
2020-04-01 21:55:14,uccliopr,311,RT @Hugo_Capelli: Ce que vous voyez √† la t√©l√© sur @franceinfo VS ce que vous ne voyez pas üòÇ #confinement #ConfinementJour16 https://t.co/XF‚Ä¶,True,Hugo_Capelli
2020-04-01 21:54:46,Mlodie18942131,5,"RT @EvyMantle: Ce que je craignais, redoutais depuis le d√©but de ce confinement est arriv√© : une voisine s‚Äôest lanc√©e, fen√™tres ouvertes, d‚Ä¶",True,EvyMantle
2020-04-01 21:54:36,YatoYuan,286,"RT @RoulioRoulio: Audition d'Edouard Philippe et d'Olivier V√©ran par les d√©put√©s sur la gestion de la crise.

Mais y'a toujours un mec pour‚Ä¶",True,RoulioRoulio
2020-04-01 21:54:12,Permasense46,1020,"RT @R_DeCastelnau: Et voil√† que maintenant il menace ! Il faut lire la conclusion de cet article. Clivant les Fran√ßais comme jamais, incapa‚Ä¶",True,R_DeCastelnau
2020-04-01 21:53:24,sanspartipris,1020,"RT @R_DeCastelnau: Et voil√† que maintenant il menace ! Il faut lire la conclusion de cet article. Clivant les Fran√ßais comme jamais, incapa‚Ä¶",True,R_DeCastelnau
2020-04-01 21:52:54,lagauloise3,1020,"RT @R_DeCastelnau: Et voil√† que maintenant il menace ! Il faut lire la conclusion de cet article. Clivant les Fran√ßais comme jamais, incapa‚Ä¶",True,R_DeCastelnau
2020-04-01 21:52:16,sebastien28,311,RT @Hugo_Capelli: Ce que vous voyez √† la t√©l√© sur @franceinfo VS ce que vous ne voyez pas üòÇ #confinement #ConfinementJour16 https://t.co/XF‚Ä¶,True,Hugo_Capelli
2020-04-01 21:52:07,Sandlom10,0,Le #COVID„Éº19 r√©v√®le la nature humaine dans ce qu'elle a de plus deguelasse comme de meilleur ... #masques‚Ä¶ https://t.co/D3e19BsSfG,False,False
2020-04-01 21:50:51,HerliooO,996,"RT @AllanBARTE: √Ä la demande de Macron, la Caisse des d√©p√¥ts travaille √† acc√©l√©rer marchandisation et privatisation de l'H√¥pital Public.

üêü‚Ä¶",True,AllanBARTE
2020-04-01 21:50:40,gdst3,962,RT @R_DeCastelnau: Quelqu‚Äôun pour dire √† l‚Äôimposteur  qu‚Äôen temps de ¬´¬†guerre¬†¬ª on rel√®ve les g√©n√©raux incomp√©tents et on en fusille aussi.‚Ä¶,True,R_DeCastelnau
